{
  "1_01": {
    "name": "巧克力馬卡龍蛋糕",
    "price": 480,
    "desc": "濃郁巧克力搭配香濃馬卡龍",
    "img": "img/1_01.jpg"
  },
  "1_02": {
    "name": "草莓鮮奶油蛋糕",
    "price": 520,
    "desc": "新鮮草莓配上香甜奶油",
    "img": "img/1_02.jpg"
  },
  "2_01": {
    "name": "珍珠奶茶",
    "price": 60,
    "desc": "經典黑糖Q彈珍珠搭配奶香",
    "img": "img/2_01.jpg"
  },
  "3_01": {
    "name": "炸雞腿",
    "price": 70,
    "desc": "外酥內嫩、香氣十足",
    "img": "img/3_01.jpg"
  }
}